{
  "numTotalTestSuites": 1,
  "numPassedTestSuites": 1,
  "numFailedTestSuites": 0,
  "numPendingTestSuites": 0,
  "numTotalTests": 20,
  "numPassedTests": 14,
  "numFailedTests": 6,
  "numPendingTests": 0,
  "numTodoTests": 0,
  "startTime": 1722929184189,
  "success": false,
  "testResults": [
    {
      "assertionResults": [
        {
          "ancestorTitles": [
            ""
          ],
          "fullName": " store/actions/index.js dosyası oluşturulmuş",
          "status": "passed",
          "title": "store/actions/index.js dosyası oluşturulmuş",
          "duration": 30,
          "failureMessages": []
        },
        {
          "ancestorTitles": [
            ""
          ],
          "fullName": " store/reducers/index.js dosyası oluşturulmuş",
          "status": "passed",
          "title": "store/reducers/index.js dosyası oluşturulmuş",
          "duration": 8,
          "failureMessages": []
        },
        {
          "ancestorTitles": [
            ""
          ],
          "fullName": " store/store.js dosyası oluşturulmuş",
          "status": "passed",
          "title": "store/store.js dosyası oluşturulmuş",
          "duration": 5,
          "failureMessages": []
        },
        {
          "ancestorTitles": [
            ""
          ],
          "fullName": " App.jsxde sira, useSelector hooku ile storedan alınıyor",
          "status": "passed",
          "title": "App.jsxde sira, useSelector hooku ile storedan alınıyor",
          "duration": 6,
          "failureMessages": []
        },
        {
          "ancestorTitles": [
            ""
          ],
          "fullName": " App.jsxde favMovies, useSelector hooku ile storedan alınıyor",
          "status": "passed",
          "title": "App.jsxde favMovies, useSelector hooku ile storedan alınıyor",
          "duration": 6,
          "failureMessages": []
        },
        {
          "ancestorTitles": [
            ""
          ],
          "fullName": " Movie.jsxde movies useSelector hooku ile storedan alınıyor",
          "status": "passed",
          "title": "Movie.jsxde movies useSelector hooku ile storedan alınıyor",
          "duration": 5,
          "failureMessages": []
        },
        {
          "ancestorTitles": [
            ""
          ],
          "fullName": " App.jsxde useDispatch hooku kullanılmış",
          "status": "passed",
          "title": "App.jsxde useDispatch hooku kullanılmış",
          "duration": 5,
          "failureMessages": []
        },
        {
          "ancestorTitles": [
            ""
          ],
          "fullName": " FavMovie.jsxde useDispatch hooku kullanılmış",
          "status": "passed",
          "title": "FavMovie.jsxde useDispatch hooku kullanılmış",
          "duration": 5,
          "failureMessages": []
        },
        {
          "ancestorTitles": [
            ""
          ],
          "fullName": " store.js dosyasında redux-logger kullanılmış",
          "status": "failed",
          "title": "store.js dosyasında redux-logger kullanılmış",
          "duration": 8,
          "failureMessages": [
            "expected 'import{legacy_createStoreascreateStor…' to include 'redux-logger'"
          ],
          "location": {
            "line": 90,
            "column": 21
          }
        },
        {
          "ancestorTitles": [
            ""
          ],
          "fullName": " Sıradaki butonu bir sonraki filmi gösteriyor",
          "status": "passed",
          "title": "Sıradaki butonu bir sonraki filmi gösteriyor",
          "duration": 117,
          "failureMessages": []
        },
        {
          "ancestorTitles": [
            ""
          ],
          "fullName": " Önceki butonu eklenmiş",
          "status": "passed",
          "title": "Önceki butonu eklenmiş",
          "duration": 15,
          "failureMessages": []
        },
        {
          "ancestorTitles": [
            ""
          ],
          "fullName": " Önceki butonu bir önceki filmi açıyor",
          "status": "passed",
          "title": "Önceki butonu bir önceki filmi açıyor",
          "duration": 64,
          "failureMessages": []
        },
        {
          "ancestorTitles": [
            ""
          ],
          "fullName": " İlk film gösterilirken Önceki butonu gözükmüyor",
          "status": "passed",
          "title": "İlk film gösterilirken Önceki butonu gözükmüyor",
          "duration": 4,
          "failureMessages": []
        },
        {
          "ancestorTitles": [
            ""
          ],
          "fullName": " son film gösterilirken Sıradaki butonu gözükmüyor",
          "status": "passed",
          "title": "son film gösterilirken Sıradaki butonu gözükmüyor",
          "duration": 845,
          "failureMessages": []
        },
        {
          "ancestorTitles": [
            ""
          ],
          "fullName": " Listeme ekle eklenen filmi filmlerim listesinden kaldırıyor",
          "status": "failed",
          "title": "Listeme ekle eklenen filmi filmlerim listesinden kaldırıyor",
          "duration": 1087,
          "failureMessages": [
            "Unable to find an element with the text: Hotel Rwanda. This could be because the text is broken up by multiple elements. In this case, you can provide a function for your text matcher to make your matcher more flexible.\n\nIgnored nodes: comments, script, style\n\u001b[36m<body>\u001b[39m\n  \u001b[36m<div>\u001b[39m\n    \u001b[36m<div\u001b[39m\n      \u001b[33mclass\u001b[39m=\u001b[32m\"wrapper max-w-2xl mx-auto\"\u001b[39m\n    \u001b[36m>\u001b[39m\n      \u001b[36m<nav\u001b[39m\n        \u001b[33mclass\u001b[39m=\u001b[32m\"flex text-2xl pb-6 pt-8 gap-2 justify-center\"\u001b[39m\n      \u001b[36m>\u001b[39m\n        \u001b[36m<a\u001b[39m\n          \u001b[33maria-current\u001b[39m=\u001b[32m\"page\"\u001b[39m\n          \u001b[33mclass\u001b[39m=\u001b[32m\"py-3 px-6  bg-white shadow-sm text-blue-600\"\u001b[39m\n          \u001b[33mhref\u001b[39m=\u001b[32m\"/\"\u001b[39m\n        \u001b[36m>\u001b[39m\n          \u001b[0mFilmler\u001b[0m\n        \u001b[36m</a>\u001b[39m\n        \u001b[36m<a\u001b[39m\n          \u001b[33mclass\u001b[39m=\u001b[32m\"py-3 px-6 \"\u001b[39m\n          \u001b[33mhref\u001b[39m=\u001b[32m\"/listem\"\u001b[39m\n        \u001b[36m>\u001b[39m\n          \u001b[0mListem\u001b[0m\n        \u001b[36m</a>\u001b[39m\n      \u001b[36m</nav>\u001b[39m\n      \u001b[36m<div\u001b[39m\n        \u001b[33mclass\u001b[39m=\u001b[32m\"flex bg-white shadow-lg items-start\"\u001b[39m\n      \u001b[36m>\u001b[39m\n        \u001b[36m<img\u001b[39m\n          \u001b[33malt\u001b[39m=\u001b[32m\"The Martian\"\u001b[39m\n          \u001b[33mclass\u001b[39m=\u001b[32m\"max-w-[18rem] w-2/5 block\"\u001b[39m\n          \u001b[33msrc\u001b[39m=\u001b[32m\"https://images-na.ssl-images-amazon.com/images/M/MV5BMTc2MTQ3MDA1Nl5BMl5BanBnXkFtZTgwODA3OTI4NjE@._V1_SX300.jpg\"\u001b[39m\n        \u001b[36m/>\u001b[39m\n        \u001b[36m<div\u001b[39m\n          \u001b[33mclass\u001b[39m=\u001b[32m\"p-8 flex flex-col gap-4 text-sm\"\u001b[39m\n        \u001b[36m>\u001b[39m\n          \u001b[36m<div>\u001b[39m\n            \u001b[36m<h2\u001b[39m\n              \u001b[33mclass\u001b[39m=\u001b[32m\"text-2xl\"\u001b[39m\n            \u001b[36m>\u001b[39m\n              \u001b[0mThe Martian\u001b[0m\n            \u001b[36m</h2>\u001b[39m\n            \u001b[36m<p\u001b[39m\n              \u001b[33mclass\u001b[39m=\u001b[32m\"italic text-sm\"\u001b[39m\n            \u001b[36m>\u001b[39m\n              \u001b[0mAdventure, Drama, Sci-Fi\u001b[0m\n            \u001b[36m</p>\u001b[39m\n          \u001b[36m</div>\u001b[39m\n          \u001b[36m<p\u001b[39m\n            \u001b[33mclass\u001b[39m=\u001b[32m\"\"\u001b[39m\n          \u001b[36m>\u001b[39m\n            \u001b[0mAn astronaut becomes stranded on Mars after his team assume him dead, and must rely on his ingenuity to find a way to signal to Earth that he is alive.\u001b[0m\n          \u001b[36m</p>\u001b[39m\n          \u001b[36m<div\u001b[39m\n            \u001b[33mclass\u001b[39m=\u001b[32m\"flex flex-col sm:flex-row\"\u001b[39m\n          \u001b[36m>\u001b[39m\n            \u001b[36m<span\u001b[39m\n              \u001b[33mclass\u001b[39m=\u001b[32m\"w-1/3 font-bold\"\u001b[39m\n            \u001b[36m>\u001b[39m\n              \u001b[0mYönetmen\u001b[0m\n            \u001b[36m</span>\u001b[39m\n            \u001b[36m<span\u001b[39m\n              \u001b[33mclass\u001b[39m=\u001b[32m\"flex-1\"\u001b[39m\n            \u001b[36m>\u001b[39m\n              \u001b[0mRidley Scott\u001b[0m\n            \u001b[36m</span>\u001b[39m\n          \u001b[36m</div>\u001b[39m\n          \u001b[36m<div\u001b[39m\n            \u001b[33mclass\u001b[39m=\u001b[32m\"flex flex-col sm:flex-row\"\u001b[39m\n          \u001b[36m>\u001b[39m\n            \u001b[36m<span\u001b[39m\n              \u001b[33mclass\u001b[39m=\u001b[32m\"w-1/3 font-bold\"\u001b[39m\n            \u001b[36m>\u001b[39m\n              \u001b[0mOyuncular\u001b[0m\n            \u001b[36m</span>\u001b[39m\n            \u001b[36m<span\u001b[39m\n              \u001b[33mclass\u001b[39m=\u001b[32m\"flex-1\"\u001b[39m\n            \u001b[36m>\u001b[39m\n              \u001b[0mMatt Damon, Jessica Chastain, Kristen Wiig, Jeff Daniels\u001b[0m\n            \u001b[36m</span>\u001b[39m\n          \u001b[36m</div>\u001b[39m\n          \u001b[36m<div\u001b[39m\n            \u001b[33mclass\u001b[39m=\u001b[32m\"flex text-sm gap-1 justify-end\"\u001b[39m\n          \u001b[36m>\u001b[39m\n            \u001b[36m<span\u001b[39m\n              \u001b[33mclass\u001b[39m=\u001b[32m\"block px-2 py-1 rounded-md border border-zinc-400\"\u001b[39m\n            \u001b[36m>\u001b[39m\n              \u001b[0m2015\u001b[0m\n            \u001b[36m</span>\u001b[39m\n            \u001b[36m<span\u001b[39m\n              \u001b[33mclass\u001b[39m=\u001b[32m\"block px-2 py-1 rounded-md border border-zinc-400\"\u001b[39m\n            \u001b[36m>\u001b[39m\n              \u001b[0m144\u001b[0m\n              \u001b[0mdk\u001b[0m\n            \u001b[36m</span>\u001b[39m\n          \u001b[36m</div>\u001b[39m\n        \u001b[36m</div>\u001b[39m\n      \u001b[36m</div>\u001b[39m\n      \u001b[36m<div\u001b[39m\n        \u001b[33mclass\u001b[39m=\u001b[32m\"flex gap-3 justify-end py-3\"\u001b[39m\n      \u001b[36m>\u001b[39m\n        \u001b[36m<button\u001b[39m\n          \u001b[33mclass\u001b[39m=\u001b[32m\"select-none px-4 py-2 border border-blue-700 text-blue-700 hover:border-blue-500 hover:text-blue-500\"\u001b[39m\n        \u001b[36m>\u001b[39m\n          \u001b[0mÖnceki\u001b[0m\n        \u001b[36m</button>\u001b[39m\n        \u001b[36m<button\u001b[39m\n          \u001b[33mclass\u001b[39m=\u001b[32m\"select-none px-4 py-2 bg-blue-700 hover:bg-blue-600 text-white\"\u001b[39m\n        \u001b[36m>\u001b[39m\n          \u001b[0mListeme ekle\u001b[0m\n        \u001b[36m</button>\u001b[39m\n      \u001b[36m</div>\u001b[39m\n    \u001b[36m</div>\u001b[39m\n  \u001b[36m</div>\u001b[39m\n\u001b[36m</body>\u001b[39m\n\nIgnored nodes: comments, script, style\n\u001b[36m<body>\u001b[39m\n  \u001b[36m<div>\u001b[39m\n    \u001b[36m<div\u001b[39m\n      \u001b[33mclass\u001b[39m=\u001b[32m\"wrapper max-w-2xl mx-auto\"\u001b[39m\n    \u001b[36m>\u001b[39m\n      \u001b[36m<nav\u001b[39m\n        \u001b[33mclass\u001b[39m=\u001b[32m\"flex text-2xl pb-6 pt-8 gap-2 justify-center\"\u001b[39m\n      \u001b[36m>\u001b[39m\n        \u001b[36m<a\u001b[39m\n          \u001b[33maria-current\u001b[39m=\u001b[32m\"page\"\u001b[39m\n          \u001b[33mclass\u001b[39m=\u001b[32m\"py-3 px-6  bg-white shadow-sm text-blue-600\"\u001b[39m\n          \u001b[33mhref\u001b[39m=\u001b[32m\"/\"\u001b[39m\n        \u001b[36m>\u001b[39m\n          \u001b[0mFilmler\u001b[0m\n        \u001b[36m</a>\u001b[39m\n        \u001b[36m<a\u001b[39m\n          \u001b[33mclass\u001b[39m=\u001b[32m\"py-3 px-6 \"\u001b[39m\n          \u001b[33mhref\u001b[39m=\u001b[32m\"/listem\"\u001b[39m\n        \u001b[36m>\u001b[39m\n          \u001b[0mListem\u001b[0m\n        \u001b[36m</a>\u001b[39m\n      \u001b[36m</nav>\u001b[39m\n      \u001b[36m<div\u001b[39m\n        \u001b[33mclass\u001b[39m=\u001b[32m\"flex bg-white shadow-lg items-start\"\u001b[39m\n      \u001b[36m>\u001b[39m\n        \u001b[36m<img\u001b[39m\n          \u001b[33malt\u001b[39m=\u001b[32m\"The Martian\"\u001b[39m\n          \u001b[33mclass\u001b[39m=\u001b[32m\"max-w-[18rem] w-2/5 block\"\u001b[39m\n          \u001b[33msrc\u001b[39m=\u001b[32m\"https://images-na.ssl-images-amazon.com/images/M/MV5BMTc2MTQ3MDA1Nl5BMl5BanBnXkFtZTgwODA3OTI4NjE@._V1_SX300.jpg\"\u001b[39m\n        \u001b[36m/>\u001b[39m\n        \u001b[36m<div\u001b[39m\n          \u001b[33mclass\u001b[39m=\u001b[32m\"p-8 flex flex-col gap-4 text-sm\"\u001b[39m\n        \u001b[36m>\u001b[39m\n          \u001b[36m<div>\u001b[39m\n            \u001b[36m<h2\u001b[39m\n              \u001b[33mclass\u001b[39m=\u001b[32m\"text-2xl\"\u001b[39m\n            \u001b[36m>\u001b[39m\n              \u001b[0mThe Martian\u001b[0m\n            \u001b[36m</h2>\u001b[39m\n            \u001b[36m<p\u001b[39m\n              \u001b[33mclass\u001b[39m=\u001b[32m\"italic text-sm\"\u001b[39m\n            \u001b[36m>\u001b[39m\n              \u001b[0mAdventure, Drama, Sci-Fi\u001b[0m\n            \u001b[36m</p>\u001b[39m\n          \u001b[36m</div>\u001b[39m\n          \u001b[36m<p\u001b[39m\n            \u001b[33mclass\u001b[39m=\u001b[32m\"\"\u001b[39m\n          \u001b[36m>\u001b[39m\n            \u001b[0mAn astronaut becomes stranded on Mars after his team assume him dead, and must rely on his ingenuity to find a way to signal to Earth that he is alive.\u001b[0m\n          \u001b[36m</p>\u001b[39m\n          \u001b[36m<div\u001b[39m\n            \u001b[33mclass\u001b[39m=\u001b[32m\"flex flex-col sm:flex-row\"\u001b[39m\n          \u001b[36m>\u001b[39m\n            \u001b[36m<span\u001b[39m\n              \u001b[33mclass\u001b[39m=\u001b[32m\"w-1/3 font-bold\"\u001b[39m\n            \u001b[36m>\u001b[39m\n              \u001b[0mYönetmen\u001b[0m\n            \u001b[36m</span>\u001b[39m\n            \u001b[36m<span\u001b[39m\n              \u001b[33mclass\u001b[39m=\u001b[32m\"flex-1\"\u001b[39m\n            \u001b[36m>\u001b[39m\n              \u001b[0mRidley Scott\u001b[0m\n            \u001b[36m</span>\u001b[39m\n          \u001b[36m</div>\u001b[39m\n          \u001b[36m<div\u001b[39m\n            \u001b[33mclass\u001b[39m=\u001b[32m\"flex flex-col sm:flex-row\"\u001b[39m\n          \u001b[36m>\u001b[39m\n            \u001b[36m<span\u001b[39m\n              \u001b[33mclass\u001b[39m=\u001b[32m\"w-1/3 font-bold\"\u001b[39m\n            \u001b[36m>\u001b[39m\n              \u001b[0mOyuncular\u001b[0m\n            \u001b[36m</span>\u001b[39m\n            \u001b[36m<span\u001b[39m\n              \u001b[33mclass\u001b[39m=\u001b[32m\"flex-1\"\u001b[39m\n            \u001b[36m>\u001b[39m\n              \u001b[0mMatt Damon, Jessica Chastain, Kristen Wiig, Jeff Daniels\u001b[0m\n            \u001b[36m</span>\u001b[39m\n          \u001b[36m</div>\u001b[39m\n          \u001b[36m<div\u001b[39m\n            \u001b[33mclass\u001b[39m=\u001b[32m\"flex text-sm gap-1 justify-end\"\u001b[39m\n          \u001b[36m>\u001b[39m\n            \u001b[36m<span\u001b[39m\n              \u001b[33mclass\u001b[39m=\u001b[32m\"block px-2 py-1 rounded-md border border-zinc-400\"\u001b[39m\n            \u001b[36m>\u001b[39m\n              \u001b[0m2015\u001b[0m\n            \u001b[36m</span>\u001b[39m\n            \u001b[36m<span\u001b[39m\n              \u001b[33mclass\u001b[39m=\u001b[32m\"block px-2 py-1 rounded-md border border-zinc-400\"\u001b[39m\n            \u001b[36m>\u001b[39m\n              \u001b[0m144\u001b[0m\n              \u001b[0mdk\u001b[0m\n            \u001b[36m</span>\u001b[39m\n          \u001b[36m</div>\u001b[39m\n        \u001b[36m</div>\u001b[39m\n      \u001b[36m</div>\u001b[39m\n      \u001b[36m<div\u001b[39m\n        \u001b[33mclass\u001b[39m=\u001b[32m\"flex gap-3 justify-end py-3\"\u001b[39m\n      \u001b[36m>\u001b[39m\n        \u001b[36m<button\u001b[39m\n          \u001b[33mclass\u001b[39m=\u001b[32m\"select-none px-4 py-2 border border-blue-700 text-blue-700 hover:border-blue-500 hover:text-blue-500\"\u001b[39m\n        \u001b[36m>\u001b[39m\n          \u001b[0mÖnceki\u001b[0m\n        \u001b[36m</button>\u001b[39m\n        \u001b[36m<button\u001b[39m\n          \u001b[33mclass\u001b[39m=\u001b[32m\"select-none px-4 py-2 bg-blue-700 hover:bg-blue-600 text-white\"\u001b[39m\n        \u001b[36m>\u001b[39m\n          \u001b[0mListeme ekle\u001b[0m\n        \u001b[36m</button>\u001b[39m\n      \u001b[36m</div>\u001b[39m\n    \u001b[36m</div>\u001b[39m\n  \u001b[36m</div>\u001b[39m\n\u001b[36m</body>\u001b[39m"
          ],
          "location": {
            "line": 162,
            "column": 27
          }
        },
        {
          "ancestorTitles": [
            ""
          ],
          "fullName": " Listeme ekle eklenen filmi listeme ekliyor",
          "status": "failed",
          "title": "Listeme ekle eklenen filmi listeme ekliyor",
          "duration": 1061,
          "failureMessages": [
            "Unable to find an element with the text: The Martian. This could be because the text is broken up by multiple elements. In this case, you can provide a function for your text matcher to make your matcher more flexible.\n\nIgnored nodes: comments, script, style\n\u001b[36m<body>\u001b[39m\n  \u001b[36m<div>\u001b[39m\n    \u001b[36m<div\u001b[39m\n      \u001b[33mclass\u001b[39m=\u001b[32m\"wrapper max-w-2xl mx-auto\"\u001b[39m\n    \u001b[36m>\u001b[39m\n      \u001b[36m<nav\u001b[39m\n        \u001b[33mclass\u001b[39m=\u001b[32m\"flex text-2xl pb-6 pt-8 gap-2 justify-center\"\u001b[39m\n      \u001b[36m>\u001b[39m\n        \u001b[36m<a\u001b[39m\n          \u001b[33mclass\u001b[39m=\u001b[32m\"py-3 px-6 \"\u001b[39m\n          \u001b[33mhref\u001b[39m=\u001b[32m\"/\"\u001b[39m\n        \u001b[36m>\u001b[39m\n          \u001b[0mFilmler\u001b[0m\n        \u001b[36m</a>\u001b[39m\n        \u001b[36m<a\u001b[39m\n          \u001b[33maria-current\u001b[39m=\u001b[32m\"page\"\u001b[39m\n          \u001b[33mclass\u001b[39m=\u001b[32m\"py-3 px-6  bg-white shadow-sm text-blue-600\"\u001b[39m\n          \u001b[33mhref\u001b[39m=\u001b[32m\"/listem\"\u001b[39m\n        \u001b[36m>\u001b[39m\n          \u001b[0mListem\u001b[0m\n        \u001b[36m</a>\u001b[39m\n      \u001b[36m</nav>\u001b[39m\n      \u001b[36m<div />\u001b[39m\n    \u001b[36m</div>\u001b[39m\n  \u001b[36m</div>\u001b[39m\n\u001b[36m</body>\u001b[39m\n\nIgnored nodes: comments, script, style\n\u001b[36m<body>\u001b[39m\n  \u001b[36m<div>\u001b[39m\n    \u001b[36m<div\u001b[39m\n      \u001b[33mclass\u001b[39m=\u001b[32m\"wrapper max-w-2xl mx-auto\"\u001b[39m\n    \u001b[36m>\u001b[39m\n      \u001b[36m<nav\u001b[39m\n        \u001b[33mclass\u001b[39m=\u001b[32m\"flex text-2xl pb-6 pt-8 gap-2 justify-center\"\u001b[39m\n      \u001b[36m>\u001b[39m\n        \u001b[36m<a\u001b[39m\n          \u001b[33mclass\u001b[39m=\u001b[32m\"py-3 px-6 \"\u001b[39m\n          \u001b[33mhref\u001b[39m=\u001b[32m\"/\"\u001b[39m\n        \u001b[36m>\u001b[39m\n          \u001b[0mFilmler\u001b[0m\n        \u001b[36m</a>\u001b[39m\n        \u001b[36m<a\u001b[39m\n          \u001b[33maria-current\u001b[39m=\u001b[32m\"page\"\u001b[39m\n          \u001b[33mclass\u001b[39m=\u001b[32m\"py-3 px-6  bg-white shadow-sm text-blue-600\"\u001b[39m\n          \u001b[33mhref\u001b[39m=\u001b[32m\"/listem\"\u001b[39m\n        \u001b[36m>\u001b[39m\n          \u001b[0mListem\u001b[0m\n        \u001b[36m</a>\u001b[39m\n      \u001b[36m</nav>\u001b[39m\n      \u001b[36m<div />\u001b[39m\n    \u001b[36m</div>\u001b[39m\n  \u001b[36m</div>\u001b[39m\n\u001b[36m</body>\u001b[39m"
          ],
          "location": {
            "line": 162,
            "column": 27
          }
        },
        {
          "ancestorTitles": [
            ""
          ],
          "fullName": " Listem sayfasında çıkar butonu filmi favori listesinden çıkarıyor",
          "status": "failed",
          "title": "Listem sayfasında çıkar butonu filmi favori listesinden çıkarıyor",
          "duration": 1054,
          "failureMessages": [
            "Unable to find an element with the text: The Martian. This could be because the text is broken up by multiple elements. In this case, you can provide a function for your text matcher to make your matcher more flexible.\n\nIgnored nodes: comments, script, style\n\u001b[36m<body>\u001b[39m\n  \u001b[36m<div>\u001b[39m\n    \u001b[36m<div\u001b[39m\n      \u001b[33mclass\u001b[39m=\u001b[32m\"wrapper max-w-2xl mx-auto\"\u001b[39m\n    \u001b[36m>\u001b[39m\n      \u001b[36m<nav\u001b[39m\n        \u001b[33mclass\u001b[39m=\u001b[32m\"flex text-2xl pb-6 pt-8 gap-2 justify-center\"\u001b[39m\n      \u001b[36m>\u001b[39m\n        \u001b[36m<a\u001b[39m\n          \u001b[33mclass\u001b[39m=\u001b[32m\"py-3 px-6 \"\u001b[39m\n          \u001b[33mhref\u001b[39m=\u001b[32m\"/\"\u001b[39m\n        \u001b[36m>\u001b[39m\n          \u001b[0mFilmler\u001b[0m\n        \u001b[36m</a>\u001b[39m\n        \u001b[36m<a\u001b[39m\n          \u001b[33maria-current\u001b[39m=\u001b[32m\"page\"\u001b[39m\n          \u001b[33mclass\u001b[39m=\u001b[32m\"py-3 px-6  bg-white shadow-sm text-blue-600\"\u001b[39m\n          \u001b[33mhref\u001b[39m=\u001b[32m\"/listem\"\u001b[39m\n        \u001b[36m>\u001b[39m\n          \u001b[0mListem\u001b[0m\n        \u001b[36m</a>\u001b[39m\n      \u001b[36m</nav>\u001b[39m\n      \u001b[36m<div />\u001b[39m\n    \u001b[36m</div>\u001b[39m\n  \u001b[36m</div>\u001b[39m\n\u001b[36m</body>\u001b[39m\n\nIgnored nodes: comments, script, style\n\u001b[36m<body>\u001b[39m\n  \u001b[36m<div>\u001b[39m\n    \u001b[36m<div\u001b[39m\n      \u001b[33mclass\u001b[39m=\u001b[32m\"wrapper max-w-2xl mx-auto\"\u001b[39m\n    \u001b[36m>\u001b[39m\n      \u001b[36m<nav\u001b[39m\n        \u001b[33mclass\u001b[39m=\u001b[32m\"flex text-2xl pb-6 pt-8 gap-2 justify-center\"\u001b[39m\n      \u001b[36m>\u001b[39m\n        \u001b[36m<a\u001b[39m\n          \u001b[33mclass\u001b[39m=\u001b[32m\"py-3 px-6 \"\u001b[39m\n          \u001b[33mhref\u001b[39m=\u001b[32m\"/\"\u001b[39m\n        \u001b[36m>\u001b[39m\n          \u001b[0mFilmler\u001b[0m\n        \u001b[36m</a>\u001b[39m\n        \u001b[36m<a\u001b[39m\n          \u001b[33maria-current\u001b[39m=\u001b[32m\"page\"\u001b[39m\n          \u001b[33mclass\u001b[39m=\u001b[32m\"py-3 px-6  bg-white shadow-sm text-blue-600\"\u001b[39m\n          \u001b[33mhref\u001b[39m=\u001b[32m\"/listem\"\u001b[39m\n        \u001b[36m>\u001b[39m\n          \u001b[0mListem\u001b[0m\n        \u001b[36m</a>\u001b[39m\n      \u001b[36m</nav>\u001b[39m\n      \u001b[36m<div />\u001b[39m\n    \u001b[36m</div>\u001b[39m\n  \u001b[36m</div>\u001b[39m\n\u001b[36m</body>\u001b[39m"
          ],
          "location": {
            "line": 162,
            "column": 27
          }
        },
        {
          "ancestorTitles": [
            ""
          ],
          "fullName": " App.jsxde movies, film kalmadığında ekranda Gösterilecek film kalmadı mesajını render edebilmek için useSelector hooku ile storedan alınıyor",
          "status": "passed",
          "title": "App.jsxde movies, film kalmadığında ekranda Gösterilecek film kalmadı mesajını render edebilmek için useSelector hooku ile storedan alınıyor",
          "duration": 2,
          "failureMessages": []
        },
        {
          "ancestorTitles": [
            ""
          ],
          "fullName": " Tüm filmler Favori listesine eklenince Eklenecek film bulunamadı mesajı ekranda görünüyor",
          "status": "failed",
          "title": "Tüm filmler Favori listesine eklenince Eklenecek film bulunamadı mesajı ekranda görünüyor",
          "duration": 932,
          "failureMessages": [
            "\u001b[2mexpect(\u001b[22m\u001b[31mreceived\u001b[39m\u001b[2m).toBeInTheDocument()\u001b[22m\n\n\u001b[31mreceived\u001b[39m value must be an HTMLElement or an SVGElement.\n"
          ],
          "location": {
            "line": 154,
            "column": 5
          }
        },
        {
          "ancestorTitles": [
            ""
          ],
          "fullName": " Favori listesinden çıkan film, film listesine tekrar ekleniyor",
          "status": "failed",
          "title": "Favori listesinden çıkan film, film listesine tekrar ekleniyor",
          "duration": 56,
          "failureMessages": [
            "Unable to find an element with the text: Çıkar. This could be because the text is broken up by multiple elements. In this case, you can provide a function for your text matcher to make your matcher more flexible.\n\nIgnored nodes: comments, script, style\n\u001b[36m<body>\u001b[39m\n  \u001b[36m<div>\u001b[39m\n    \u001b[36m<div\u001b[39m\n      \u001b[33mclass\u001b[39m=\u001b[32m\"wrapper max-w-2xl mx-auto\"\u001b[39m\n    \u001b[36m>\u001b[39m\n      \u001b[36m<nav\u001b[39m\n        \u001b[33mclass\u001b[39m=\u001b[32m\"flex text-2xl pb-6 pt-8 gap-2 justify-center\"\u001b[39m\n      \u001b[36m>\u001b[39m\n        \u001b[36m<a\u001b[39m\n          \u001b[33mclass\u001b[39m=\u001b[32m\"py-3 px-6 \"\u001b[39m\n          \u001b[33mhref\u001b[39m=\u001b[32m\"/\"\u001b[39m\n        \u001b[36m>\u001b[39m\n          \u001b[0mFilmler\u001b[0m\n        \u001b[36m</a>\u001b[39m\n        \u001b[36m<a\u001b[39m\n          \u001b[33maria-current\u001b[39m=\u001b[32m\"page\"\u001b[39m\n          \u001b[33mclass\u001b[39m=\u001b[32m\"py-3 px-6  bg-white shadow-sm text-blue-600\"\u001b[39m\n          \u001b[33mhref\u001b[39m=\u001b[32m\"/listem\"\u001b[39m\n        \u001b[36m>\u001b[39m\n          \u001b[0mListem\u001b[0m\n        \u001b[36m</a>\u001b[39m\n      \u001b[36m</nav>\u001b[39m\n      \u001b[36m<div />\u001b[39m\n    \u001b[36m</div>\u001b[39m\n  \u001b[36m</div>\u001b[39m\n\u001b[36m</body>\u001b[39m"
          ],
          "location": {
            "line": 37,
            "column": 19
          }
        }
      ],
      "startTime": 1722929188932,
      "endTime": 1722929194247,
      "status": "failed",
      "message": "",
      "name": "/home/projects/vitejs-vite-rbxv2i/src/__tests__/index.test.jsx"
    }
  ]
}